,Longitude,Latitude
0,110.67290619089003,27.14588319214015
1,110.66335704060879,27.175272454754776
2,110.63835704060878,27.19343601795491
3,110.60745534117129,27.19343601795491
4,110.58245534117128,27.175272454754776
5,110.57290619089004,27.14588319214015
6,110.58245534117128,27.116493929525525
7,110.60745534117129,27.098330366325392
8,110.63835704060878,27.098330366325392
9,110.66335704060879,27.116493929525525
10,110.72290619089003,27.14588319214015
11,110.71801184251954,27.176784891577647
12,110.70380789032752,27.204661717369397
13,110.68168471611928,27.226784891577644
14,110.65380789032753,27.240988843769667
15,110.62290619089003,27.245883192140152
16,110.59200449145254,27.240988843769667
17,110.56412766566079,27.226784891577644
18,110.54200449145254,27.204661717369397
19,110.52780053926053,27.176784891577647
20,110.52290619089004,27.14588319214015
21,110.52780053926053,27.114981492702654
22,110.54200449145254,27.087104666910903
23,110.56412766566079,27.064981492702657
24,110.59200449145254,27.050777540510634
25,110.62290619089003,27.04588319214015
26,110.65380789032753,27.050777540510634
27,110.68168471611928,27.064981492702657
28,110.70380789032752,27.087104666910903
29,110.71801184251954,27.114981492702654
30,110.77290619089004,27.14588319214015
31,110.7696283310001,27.177069945762813
32,110.75993800953643,27.20689368860152
33,110.74425874004628,27.234050979984023
34,110.72327578184387,27.25735491596176
35,110.69790619089004,27.275787002707816
36,110.66925874004627,27.288541669584422
37,110.63858546038018,27.29506147644539
38,110.60722692139989,27.29506147644539
39,110.5765536417338,27.288541669584422
40,110.54790619089003,27.275787002707816
41,110.5225365999362,27.25735491596176
42,110.50155364173379,27.234050979984023
43,110.48587437224364,27.20689368860152
44,110.47618405077996,27.177069945762813
45,110.47290619089003,27.14588319214015
46,110.47618405077996,27.114696438517488
47,110.48587437224364,27.08487269567878
48,110.50155364173379,27.057715404296278
49,110.5225365999362,27.03441146831854
50,110.54790619089003,27.015979381572485
51,110.5765536417338,27.00322471469588
52,110.60722692139989,26.99670490783491
53,110.63858546038018,26.99670490783491
54,110.66925874004627,27.00322471469588
55,110.69790619089004,27.015979381572485
56,110.72327578184387,27.03441146831854
57,110.74425874004628,27.057715404296278
58,110.75993800953643,27.08487269567878
59,110.7696283310001,27.114696438517488
60,110.82290619089004,27.14588319214015
61,110.82044385900906,27.177170085148198
62,110.81311749414907,27.20768659101514
63,110.8011074957277,27.23668129208806
64,110.78470958976503,27.263440242598644
65,110.76432754712735,27.28730454837746
66,110.74046324134854,27.30768659101514
67,110.71370429083794,27.324084496977825
68,110.68470958976502,27.33609449539918
69,110.65419308389808,27.34342086025918
70,110.62290619089003,27.34588319214015
71,110.59161929788199,27.34342086025918
72,110.56110279201505,27.33609449539918
73,110.53210809094213,27.324084496977825
74,110.50534914043153,27.30768659101514
75,110.48148483465272,27.28730454837746
76,110.46110279201504,27.263440242598644
77,110.44470488605236,27.23668129208806
78,110.432694887631,27.20768659101514
79,110.42536852277101,27.177170085148198
80,110.42290619089003,27.14588319214015
81,110.42536852277101,27.114596299132103
82,110.432694887631,27.08407979326516
83,110.44470488605236,27.05508509219224
84,110.46110279201504,27.028326141681656
85,110.48148483465272,27.00446183590284
86,110.50534914043153,26.98407979326516
87,110.53210809094213,26.967681887302476
88,110.56110279201505,26.95567188888112
89,110.59161929788199,26.94834552402112
90,110.62290619089003,26.94588319214015
91,110.65419308389808,26.94834552402112
92,110.68470958976502,26.95567188888112
93,110.71370429083794,26.967681887302476
94,110.74046324134854,26.98407979326516
95,110.76432754712735,27.00446183590284
96,110.78470958976503,27.028326141681656
97,110.8011074957277,27.05508509219224
98,110.81311749414907,27.08407979326516
99,110.82044385900906,27.114596299132103
100,110.87290619089003,27.14588319214015
101,110.87093486621866,27.177216500531227
102,110.86505198117219,27.208055663931365
103,110.85535031236209,27.23791433031132
104,110.841982860901,27.266321610665578
105,110.82516043948377,27.29282950521327
106,110.80514834774539,27.317019968622322
107,110.78226218832721,27.3385115028341
108,110.75686288963479,27.356965173515654
109,110.7293510137813,27.372089955256655
110,110.70016043948377,27.38364732121394
111,110.66975151953646,27.391455004822323
112,110.63860382077236,27.39538987424722
113,110.60720856100771,27.39538987424722
114,110.57606086224361,27.391455004822323
115,110.5456519422963,27.38364732121394
116,110.51646136799877,27.372089955256655
117,110.48894949214528,27.356965173515654
118,110.46355019345286,27.3385115028341
119,110.44066403403468,27.317019968622322
120,110.4206519422963,27.29282950521327
121,110.40382952087907,27.266321610665578
122,110.39046206941798,27.23791433031132
123,110.38076040060788,27.208055663931365
124,110.37487751556141,27.177216500531227
125,110.37290619089003,27.14588319214015
126,110.37487751556141,27.114549883749074
127,110.38076040060788,27.083710720348936
128,110.39046206941798,27.05385205396898
129,110.40382952087907,27.025444773614723
130,110.4206519422963,26.99893687906703
131,110.44066403403468,26.97474641565798
132,110.46355019345286,26.953254881446203
133,110.48894949214528,26.934801210764647
134,110.51646136799877,26.919676429023646
135,110.5456519422963,26.908119063066362
136,110.57606086224361,26.90031137945798
137,110.60720856100771,26.896376510033082
138,110.63860382077236,26.896376510033082
139,110.66975151953646,26.90031137945798
140,110.70016043948377,26.908119063066362
141,110.7293510137813,26.919676429023646
142,110.75686288963479,26.934801210764647
143,110.78226218832721,26.953254881446203
144,110.80514834774539,26.97474641565798
145,110.82516043948377,26.99893687906703
146,110.841982860901,27.025444773614723
147,110.85535031236209,27.05385205396898
148,110.86505198117219,27.083710720348936
149,110.87093486621866,27.114549883749074
150,110.92290619089003,27.14588319214015
151,110.92126275950052,27.177241731120446
152,110.91635047111018,27.20825669938548
153,110.90822314577858,27.238588290452636
154,110.89696982818282,27.26790418506289
155,110.88271381202537,27.29588319214015
156,110.86561128920252,27.32221876782789
157,110.84584963853325,27.346622374047808
158,110.8236453727977,27.368826639783368
159,110.79924176657778,27.388588290452635
160,110.77290619089004,27.40569081327548
161,110.74492718381278,27.41994682943293
162,110.71561128920251,27.431200147028697
163,110.68527969813536,27.439327472360294
164,110.65426472987033,27.444239760750634
165,110.62290619089003,27.44588319214015
166,110.59154765190974,27.444239760750634
167,110.56053268364471,27.439327472360294
168,110.53020109257756,27.431200147028697
169,110.50088519796729,27.41994682943293
170,110.47290619089003,27.40569081327548
171,110.44657061520229,27.388588290452635
172,110.42216700898237,27.368826639783368
173,110.39996274324682,27.346622374047808
174,110.38020109257755,27.32221876782789
175,110.3630985697547,27.29588319214015
176,110.34884255359725,27.26790418506289
177,110.33758923600149,27.238588290452636
178,110.32946191066989,27.20825669938548
179,110.32454962227955,27.177241731120446
180,110.32290619089004,27.14588319214015
181,110.32454962227955,27.114524653159854
182,110.32946191066989,27.08350968489482
183,110.33758923600149,27.053178093827665
184,110.34884255359725,27.02386219921741
185,110.3630985697547,26.995883192140152
186,110.38020109257755,26.96954761645241
187,110.39996274324682,26.945144010232493
188,110.42216700898237,26.922939744496933
189,110.44657061520229,26.903178093827666
190,110.47290619089003,26.88607557100482
191,110.50088519796729,26.87181955484737
192,110.53020109257756,26.860566237251604
193,110.56053268364471,26.852438911920007
194,110.59154765190974,26.847526623529667
195,110.62290619089003,26.84588319214015
196,110.65426472987033,26.847526623529667
197,110.68527969813536,26.852438911920007
198,110.71561128920251,26.860566237251604
199,110.74492718381278,26.87181955484737
200,110.77290619089004,26.88607557100482
201,110.79924176657778,26.903178093827666
202,110.82364537279769,26.922939744496933
203,110.84584963853325,26.945144010232493
204,110.86561128920252,26.96954761645241
205,110.88271381202537,26.995883192140152
206,110.89696982818282,27.02386219921741
207,110.90822314577858,27.053178093827665
208,110.91635047111018,27.08350968489482
209,110.92126275950052,27.114524653159854
210,110.97290619089003,27.14588319214015
211,110.97149719378837,27.177256950256353
212,110.96728154689956,27.208378105319674
213,110.96029319213358,27.238996088088488
214,110.95058839561395,27.26886438056862
215,110.93824529465589,27.297742500831294
216,110.92336326865069,27.325397939232218
217,110.90606213892127,27.351608030442517
218,110.8864812039913,27.37616174621905
219,110.86477811803543,27.398861394479738
220,110.8411276215406,27.41952421100396
221,110.81572013439828,27.437983830942606
222,110.78876022275558,27.45409162829001
223,110.76046495196891,27.467717912533157
224,110.73106213892126,27.478752972843456
225,110.70078851777474,27.48710796140379
226,110.66988783392621,27.492715608758928
227,110.63860888151271,27.49553076542961
228,110.60720350026736,27.49553076542961
229,110.57592454785386,27.492715608758928
230,110.54502386400533,27.48710796140379
231,110.51475024285881,27.478752972843456
232,110.48534742981116,27.467717912533157
233,110.45705215902449,27.45409162829001
234,110.4300922473818,27.437983830942606
235,110.40468476023948,27.41952421100396
236,110.38103426374464,27.398861394479738
237,110.35933117778877,27.37616174621905
238,110.3397502428588,27.351608030442517
239,110.32244911312938,27.325397939232218
240,110.30756708712418,27.297742500831294
241,110.29522398616612,27.26886438056862
242,110.2855191896465,27.238996088088488
243,110.27853083488051,27.208378105319674
244,110.2743151879917,27.177256950256353
245,110.27290619089004,27.14588319214015
246,110.2743151879917,27.114509434023947
247,110.27853083488051,27.083388278960626
248,110.2855191896465,27.052770296191813
249,110.29522398616612,27.022902003711682
250,110.30756708712418,26.994023883449007
251,110.32244911312938,26.966368445048083
252,110.3397502428588,26.940158353837784
253,110.35933117778877,26.91560463806125
254,110.38103426374464,26.892904989800563
255,110.40468476023948,26.87224217327634
256,110.4300922473818,26.853782553337695
257,110.45705215902449,26.837674755990292
258,110.48534742981116,26.824048471747144
259,110.51475024285881,26.813013411436845
260,110.54502386400533,26.80465842287651
261,110.57592454785386,26.799050775521373
262,110.60720350026736,26.79623561885069
263,110.63860888151271,26.79623561885069
264,110.66988783392621,26.799050775521373
265,110.70078851777474,26.80465842287651
266,110.73106213892126,26.813013411436845
267,110.76046495196891,26.824048471747144
268,110.78876022275558,26.837674755990292
269,110.81572013439828,26.853782553337695
270,110.8411276215406,26.87224217327634
271,110.86477811803543,26.892904989800563
272,110.8864812039913,26.91560463806125
273,110.90606213892127,26.940158353837784
274,110.92336326865069,26.966368445048083
275,110.93824529465589,26.994023883449007
276,110.95058839561395,27.022902003711682
277,110.96029319213358,27.052770296191813
278,110.96728154689956,27.083388278960626
279,110.97149719378837,27.114509434023947
280,111.02290619089004,27.14588319214015
281,111.02167312438328,27.17726683043129
282,111.01798152712809,27.208456978156242
283,111.01185415904911,27.239261337682514
284,111.0033287974081,27.26948998989013
285,110.99245800389455,27.298956565086186
286,110.97930880056538,27.32747939203597
287,110.96396225663167,27.35488261802653
288,110.94651298864001,27.38099729305714
289,110.92706857713004,27.405662411472225
290,110.90574890336465,27.42872590461477
291,110.88268541022211,27.450045578380163
292,110.85802029180702,27.46948998989013
293,110.83190561677641,27.486939257881787
294,110.80450239078586,27.502285801815496
295,110.77597956383607,27.515435005144663
296,110.74651298864002,27.52630579865821
297,110.7162843364324,27.53483116029922
298,110.68547997690612,27.540958528378205
299,110.65428982918117,27.544650125633403
300,110.62290619089003,27.54588319214015
301,110.5915225525989,27.544650125633403
302,110.56033240487395,27.540958528378205
303,110.52952804534767,27.53483116029922
304,110.49929939314005,27.52630579865821
305,110.469832817944,27.515435005144663
306,110.44130999099421,27.502285801815496
307,110.41390676500366,27.486939257881787
308,110.38779208997305,27.46948998989013
309,110.36312697155796,27.450045578380163
310,110.34006347841542,27.42872590461477
311,110.31874380465003,27.405662411472225
312,110.29929939314006,27.38099729305714
313,110.2818501251484,27.35488261802653
314,110.26650358121469,27.32747939203597
315,110.25335437788551,27.298956565086186
316,110.24248358437197,27.26948998989013
317,110.23395822273096,27.239261337682514
318,110.22783085465198,27.208456978156242
319,110.22413925739679,27.17726683043129
320,110.22290619089003,27.14588319214015
321,110.22413925739679,27.11449955384901
322,110.22783085465198,27.08330940612406
323,110.23395822273096,27.052505046597787
324,110.24248358437197,27.022276394390172
325,110.25335437788551,26.992809819194115
326,110.26650358121469,26.964286992244332
327,110.2818501251484,26.93688376625377
328,110.29929939314006,26.910769091223163
329,110.31874380465003,26.886103972808076
330,110.34006347841542,26.863040479665532
331,110.36312697155796,26.841720805900138
332,110.38779208997305,26.822276394390173
333,110.41390676500366,26.804827126398514
334,110.44130999099421,26.789480582464805
335,110.469832817944,26.776331379135634
336,110.49929939314005,26.76546058562209
337,110.52952804534767,26.75693522398108
338,110.56033240487395,26.750807855902096
339,110.5915225525989,26.747116258646898
340,110.62290619089003,26.745883192140152
341,110.65428982918117,26.747116258646898
342,110.68547997690612,26.750807855902096
343,110.7162843364324,26.75693522398108
344,110.74651298864002,26.76546058562209
345,110.77597956383607,26.776331379135637
346,110.80450239078586,26.789480582464805
347,110.83190561677641,26.804827126398514
348,110.85802029180702,26.822276394390173
349,110.88268541022211,26.841720805900138
350,110.90574890336465,26.863040479665532
351,110.92706857713004,26.886103972808076
352,110.94651298864001,26.910769091223163
353,110.96396225663167,26.93688376625377
354,110.97930880056538,26.964286992244332
355,110.99245800389455,26.992809819194115
356,111.0033287974081,27.022276394390172
357,111.01185415904911,27.052505046597787
358,111.01798152712809,27.08330940612406
359,111.02167312438328,27.11449955384901
360,111.07290619089004,27.14588319214015
361,111.07181001350696,27.177273605325006
362,111.06852682182374,27.20851108757218
363,111.06307261122025,27.239443453008143
364,111.05547395406228,27.2699200022578
365,111.0457678702437,27.299792256636703
366,111.03400164682921,27.32891468152426
367,111.02023260767655,27.3571453953938
368,111.00452783416043,27.384346861045092
369,110.98696383835876,27.410386555671764
370,110.96762619029357,27.435137616499095
371,110.94660910104243,27.4584794588467
372,110.92401496375152,27.480298363604977
373,110.89995385478659,27.500488031263174
374,110.87454299745187,27.51895009978992
375,110.84790619089003,27.53559462384315
376,110.82017320694511,27.550340512974774
377,110.7914791579272,27.563115926695204
378,110.76196383835877,27.57385862447297
379,110.73177104390989,27.582516268964348
380,110.70104787084016,27.589046680995644
381,110.66994399936048,27.593418045055873
382,110.63861096440615,27.595609064298742
383,110.60720141737391,27.595609064298742
384,110.57586838241959,27.593418045055873
385,110.54476451093991,27.589046680995644
386,110.51404133787018,27.582516268964348
387,110.4838485434213,27.57385862447297
388,110.45433322385287,27.563115926695204
389,110.42563917483496,27.550340512974774
390,110.39790619089004,27.53559462384315
391,110.3712693843282,27.51895009978992
392,110.3458585269935,27.500488031263174
393,110.32179741802855,27.480298363604977
394,110.29920328073764,27.4584794588467
395,110.2781861914865,27.435137616499095
396,110.25884854342131,27.410386555671764
397,110.24128454761964,27.384346861045092
398,110.22557977410352,27.3571453953938
399,110.21181073495086,27.32891468152426
400,110.20004451153638,27.299792256636703
401,110.19033842771779,27.269920002257802
402,110.18273977055982,27.239443453008143
403,110.17728555995633,27.20851108757218
404,110.17400236827311,27.177273605325006
405,110.17290619089003,27.14588319214015
406,110.17400236827311,27.114492778955295
407,110.17728555995633,27.08325529670812
408,110.18273977055982,27.05232293127216
409,110.19033842771779,27.021846382022503
410,110.20004451153638,26.991974127643598
411,110.21181073495086,26.96285170275604
412,110.22557977410352,26.9346209888865
413,110.24128454761964,26.90741952323521
414,110.25884854342131,26.881379828608537
415,110.2781861914865,26.856628767781206
416,110.29920328073764,26.8332869254336
417,110.32179741802855,26.811468020675324
418,110.3458585269935,26.791278353017127
419,110.3712693843282,26.772816284490382
420,110.39790619089004,26.75617176043715
421,110.42563917483496,26.741425871305527
422,110.45433322385287,26.728650457585097
423,110.4838485434213,26.717907759807332
424,110.51404133787018,26.709250115315953
425,110.54476451093991,26.702719703284657
426,110.57586838241959,26.698348339224427
427,110.60720141737391,26.69615731998156
428,110.63861096440615,26.69615731998156
429,110.66994399936048,26.698348339224427
430,110.70104787084016,26.702719703284657
431,110.73177104390989,26.709250115315953
432,110.76196383835877,26.717907759807332
433,110.7914791579272,26.728650457585097
434,110.82017320694511,26.741425871305527
435,110.84790619089003,26.75617176043715
436,110.87454299745187,26.772816284490382
437,110.89995385478659,26.791278353017127
438,110.92401496375152,26.811468020675324
439,110.94660910104243,26.8332869254336
440,110.96762619029357,26.856628767781206
441,110.98696383835876,26.881379828608537
442,111.00452783416043,26.90741952323521
443,111.02023260767655,26.9346209888865
444,111.03400164682921,26.96285170275604
445,111.0457678702437,26.9919741276436
446,111.05547395406228,27.0218463820225
447,111.06307261122025,27.05232293127216
448,111.06852682182374,27.08325529670812
449,111.07181001350696,27.114492778955295
450,111.12290619089003,27.14588319214015
451,111.12191955510417,27.177278451904808
452,111.11896354154727,27.208549808922303
453,111.11404981625438,27.23957384943301
454,111.10719777145435,27.27022813572258
455,111.09843444903761,27.300391689327625
456,111.08779443383416,27.32994546848249
457,111.07531971712305,27.358772837922686
458,111.06105953091196,27.38676002919101
459,111.04507015364105,27.413796589629648
460,111.02741468807751,27.439775818286385
461,111.00816281227793,27.464595187014496
462,110.98739050460074,27.488156745104494
463,110.96517974385438,27.510367505850855
464,110.94161818576438,27.531139813528046
465,110.91679881703627,27.550391689327625
466,110.89081958837953,27.568047154891158
467,110.8637830279409,27.58403653216208
468,110.83579583667257,27.59829671837316
469,110.80696846723238,27.610771435084278
470,110.77741468807751,27.621411450287727
471,110.74725113447246,27.630174772704464
472,110.7165968481829,27.637026817504495
473,110.68557280767219,27.64194054279739
474,110.65430145065469,27.644896556354286
475,110.62290619089003,27.64588319214015
476,110.59151093112538,27.644896556354286
477,110.56023957410788,27.64194054279739
478,110.52921553359717,27.637026817504495
479,110.4985612473076,27.630174772704464
480,110.46839769370256,27.621411450287727
481,110.43884391454769,27.610771435084278
482,110.4100165451075,27.59829671837316
483,110.38202935383917,27.58403653216208
484,110.35499279340054,27.568047154891158
485,110.3290135647438,27.550391689327625
486,110.30419419601569,27.531139813528046
487,110.28063263792569,27.510367505850855
488,110.25842187717933,27.488156745104494
489,110.23764956950214,27.464595187014496
490,110.21839769370256,27.439775818286385
491,110.20074222813902,27.413796589629648
492,110.18475285086811,27.38676002919101
493,110.17049266465702,27.358772837922686
494,110.15801794794591,27.32994546848249
495,110.14737793274246,27.300391689327625
496,110.13861461032572,27.27022813572258
497,110.13176256552569,27.23957384943301
498,110.1268488402328,27.208549808922303
499,110.1238928266759,27.177278451904808
500,110.12290619089003,27.14588319214015
501,110.1238928266759,27.114487932375493
502,110.1268488402328,27.083216575357998
503,110.13176256552569,27.05219253484729
504,110.13861461032572,27.02153824855772
505,110.14737793274246,26.991374694952675
506,110.15801794794591,26.961820915797812
507,110.17049266465702,26.932993546357615
508,110.18475285086811,26.90500635508929
509,110.20074222813902,26.877969794650653
510,110.21839769370256,26.851990565993916
511,110.23764956950214,26.827171197265805
512,110.25842187717933,26.803609639175807
513,110.28063263792569,26.781398878429446
514,110.30419419601569,26.760626570752255
515,110.3290135647438,26.741374694952675
516,110.35499279340054,26.723719229389143
517,110.38202935383917,26.70772985211822
518,110.4100165451075,26.69346966590714
519,110.43884391454769,26.680994949196023
520,110.46839769370256,26.670354933992574
521,110.4985612473076,26.661591611575837
522,110.52921553359717,26.654739566775806
523,110.56023957410788,26.64982584148291
524,110.59151093112538,26.646869827926015
525,110.62290619089003,26.64588319214015
526,110.65430145065469,26.646869827926015
527,110.68557280767219,26.64982584148291
528,110.7165968481829,26.654739566775806
529,110.74725113447246,26.661591611575837
530,110.77741468807751,26.670354933992574
531,110.80696846723238,26.680994949196023
532,110.83579583667257,26.69346966590714
533,110.8637830279409,26.70772985211822
534,110.89081958837953,26.723719229389143
535,110.91679881703627,26.741374694952675
536,110.94161818576438,26.760626570752255
537,110.96517974385438,26.781398878429446
538,110.98739050460074,26.803609639175807
539,111.00816281227793,26.827171197265805
540,111.02741468807751,26.851990565993916
541,111.04507015364105,26.877969794650653
542,111.06105953091196,26.90500635508929
543,111.07531971712305,26.932993546357615
544,111.08779443383416,26.961820915797812
545,111.09843444903761,26.991374694952675
546,111.10719777145435,27.02153824855772
547,111.11404981625438,27.05219253484729
548,111.11896354154727,27.083216575357998
549,111.12191955510417,27.114487932375493
550,111.17290619089003,27.14588319214015
551,111.17200919804941,27.177282038114672
552,111.16932114533174,27.208578467579947
553,111.16485080060626,27.239670398088094
554,111.15861274520832,27.27045641422432
555,111.15062732637801,27.300836098402936
556,111.14092059089177,27.330710358408638
557,111.1295242001032,27.359981750614715
558,111.11647532667028,27.38855479782392
559,111.10181653330591,27.41633630069523
560,111.08559563394718,27.443235641740728
561,111.06786553779625,27.46916508090101
562,111.04868407674154,27.49404004173503
563,111.02811381672205,27.51777938729086
564,111.00622185365044,27.54030568475758
565,110.98307959455994,27.561545458034992
566,110.95876252468953,27.581429427397403
567,110.93334996126676,27.599892735469677
568,110.90692479479146,27.616875158778523
569,110.87957321866415,27.63232130418895
570,110.85138444804107,27.646180789585134
571,110.8224504288329,27.658408408206448
572,110.79286553779626,27.668964276102486
573,110.76272627469645,27.677813962226228
574,110.7321309475452,27.684928600740967
575,110.70117935194034,27.690284985174664
576,110.6699724455534,27.69386564411463
577,110.63861201882656,27.695658898195653
578,110.6072003629535,27.695658898195653
579,110.57583993622667,27.69386564411463
580,110.54463302983973,27.690284985174664
581,110.51368143423487,27.684928600740967
582,110.48308610708362,27.677813962226228
583,110.45294684398381,27.668964276102486
584,110.42336195294718,27.658408408206448
585,110.394427933739,27.646180789585134
586,110.36623916311592,27.63232130418895
587,110.3388875869886,27.616875158778523
588,110.31246242051331,27.599892735469677
589,110.28704985709054,27.581429427397403
590,110.26273278722013,27.561545458034992
591,110.23959052812963,27.54030568475758
592,110.21769856505801,27.51777938729086
593,110.19712830503853,27.49404004173503
594,110.17794684398382,27.46916508090101
595,110.16021674783289,27.443235641740728
596,110.14399584847416,27.41633630069523
597,110.12933705510979,27.38855479782392
598,110.11628818167686,27.359981750614715
599,110.1048917908883,27.330710358408638
600,110.09518505540206,27.300836098402936
601,110.08719963657175,27.27045641422432
602,110.08096158117381,27.239670398088094
603,110.07649123644833,27.208578467579947
604,110.07380318373066,27.177282038114672
605,110.07290619089004,27.14588319214015
606,110.07380318373066,27.11448434616563
607,110.07649123644833,27.083187916700354
608,110.08096158117381,27.052095986192207
609,110.08719963657175,27.02130997005598
610,110.09518505540206,26.990930285877365
611,110.1048917908883,26.961056025871663
612,110.11628818167686,26.931784633665586
613,110.12933705510979,26.90321158645638
614,110.14399584847416,26.87543008358507
615,110.16021674783289,26.848530742539573
616,110.17794684398382,26.82260130337929
617,110.19712830503855,26.79772634254527
618,110.21769856505801,26.77398699698944
619,110.23959052812963,26.75146069952272
620,110.26273278722013,26.73022092624531
621,110.28704985709054,26.710336956882898
622,110.31246242051331,26.691873648810624
623,110.3388875869886,26.674891225501778
624,110.36623916311592,26.659445080091352
625,110.394427933739,26.645585594695167
626,110.42336195294719,26.633357976073853
627,110.45294684398381,26.622802108177815
628,110.48308610708362,26.613952422054073
629,110.51368143423487,26.606837783539333
630,110.54463302983973,26.601481399105637
631,110.57583993622667,26.59790074016567
632,110.6072003629535,26.596107486084648
633,110.63861201882656,26.596107486084648
634,110.6699724455534,26.59790074016567
635,110.70117935194034,26.601481399105637
636,110.7321309475452,26.606837783539333
637,110.76272627469645,26.613952422054073
638,110.79286553779626,26.622802108177815
639,110.8224504288329,26.633357976073853
640,110.85138444804107,26.645585594695167
641,110.87957321866415,26.659445080091352
642,110.90692479479146,26.674891225501778
643,110.93334996126676,26.691873648810624
644,110.95876252468953,26.710336956882898
645,110.98307959455994,26.73022092624531
646,111.00622185365044,26.75146069952272
647,111.02811381672205,26.77398699698944
648,111.04868407674152,26.79772634254527
649,111.06786553779625,26.82260130337929
650,111.08559563394718,26.848530742539573
651,111.10181653330591,26.87543008358507
652,111.11647532667028,26.90321158645638
653,111.1295242001032,26.931784633665586
654,111.14092059089177,26.961056025871663
655,111.15062732637801,26.990930285877365
656,111.15861274520832,27.02130997005598
657,111.16485080060626,27.052095986192207
658,111.16932114533174,27.083187916700354
659,111.17200919804941,27.11448434616563
660,111.22290619089003,27.14588319214015
661,111.22208391174279,27.17728476588592
662,111.219619328111,27.208600270100742
663,111.21551919524711,27.23974387116429
664,111.20979475133032,27.270630206630806
665,111.20246168666348,27.301174619201664
666,111.19354010066712,27.33129338876512
667,111.18305444678836,27.36090396186733
668,111.1710334654756,27.38992517798563
669,111.15751010540306,27.41827749198388
670,111.1425214331607,27.44588319214015
671,111.1261085316573,27.472666613149165
672,111.108316387515,27.498554343515636
673,111.08919376776421,27.52347542677005
674,111.06879308617647,27.547361555955465
675,111.04717025960197,27.570147260852078
676,111.02438455470535,27.591770087426585
677,111.00049842551994,27.612170769014334
678,110.97557734226552,27.63129338876512
679,110.94968961189905,27.649085532907407
680,110.92290619089003,27.665498434410814
681,110.89530049073376,27.68048710665317
682,110.86694817673552,27.69401046672571
683,110.83792696061721,27.706031448038473
684,110.808316387515,27.716517101917244
685,110.77819761795155,27.72543868791359
686,110.74765320538069,27.732771752580433
687,110.71676686991417,27.738496196497234
688,110.68562326885063,27.742596329361113
689,110.6543077646358,27.745060912992894
690,110.62290619089003,27.745883192140152
691,110.59150461714427,27.745060912992894
692,110.56018911292944,27.742596329361113
693,110.5290455118659,27.738496196497234
694,110.49815917639938,27.732771752580433
695,110.46761476382852,27.72543868791359
696,110.43749599426506,27.716517101917244
697,110.40788542116286,27.706031448038473
698,110.37886420504455,27.69401046672571
699,110.35051189104631,27.68048710665317
700,110.32290619089004,27.665498434410814
701,110.29612276988102,27.649085532907407
702,110.27023503951455,27.63129338876512
703,110.24531395626013,27.612170769014334
704,110.22142782707472,27.591770087426585
705,110.1986421221781,27.570147260852078
706,110.1770192956036,27.547361555955465
707,110.15661861401585,27.52347542677005
708,110.13749599426507,27.498554343515636
709,110.11970385012278,27.472666613149165
710,110.10329094861937,27.44588319214015
711,110.08830227637701,27.41827749198388
712,110.07477891630447,27.38992517798563
713,110.06275793499171,27.36090396186733
714,110.05227228111295,27.33129338876512
715,110.0433506951166,27.301174619201664
716,110.03601763044975,27.270630206630806
717,110.03029318653296,27.23974387116429
718,110.02619305366908,27.208600270100742
719,110.02372847003728,27.17728476588592
720,110.02290619089004,27.14588319214015
721,110.02372847003728,27.114481618394386
722,110.02619305366908,27.08316611417956
723,110.03029318653296,27.05202251311601
724,110.03601763044975,27.021136177649495
725,110.04335069511659,26.990591765078637
726,110.05227228111295,26.960472995515183
727,110.06275793499171,26.93086242241297
728,110.07477891630447,26.90184120629467
729,110.08830227637701,26.87348889229642
730,110.10329094861937,26.84588319214015
731,110.11970385012278,26.819099771131135
732,110.13749599426507,26.793212040764665
733,110.15661861401585,26.76829095751025
734,110.1770192956036,26.744404828324836
735,110.1986421221781,26.721619123428223
736,110.22142782707472,26.699996296853715
737,110.24531395626013,26.679595615265967
738,110.27023503951455,26.660472995515182
739,110.29612276988102,26.642680851372894
740,110.32290619089004,26.626267949869487
741,110.35051189104631,26.61127927762713
742,110.37886420504455,26.59775591755459
743,110.40788542116286,26.585734936241828
744,110.43749599426506,26.575249282363057
745,110.46761476382852,26.56632769636671
746,110.49815917639938,26.558994631699868
747,110.5290455118659,26.553270187783067
748,110.56018911292944,26.549170054919188
749,110.59150461714427,26.546705471287407
750,110.62290619089003,26.54588319214015
751,110.6543077646358,26.546705471287407
752,110.68562326885062,26.549170054919188
753,110.71676686991417,26.553270187783067
754,110.74765320538069,26.558994631699868
755,110.77819761795155,26.56632769636671
756,110.808316387515,26.575249282363057
757,110.83792696061721,26.585734936241828
758,110.86694817673552,26.59775591755459
759,110.89530049073376,26.61127927762713
760,110.92290619089003,26.626267949869487
761,110.94968961189905,26.642680851372894
762,110.97557734226552,26.660472995515182
763,111.00049842551994,26.679595615265967
764,111.02438455470535,26.699996296853712
765,111.04717025960197,26.721619123428223
766,111.06879308617647,26.744404828324836
767,111.08919376776421,26.76829095751025
768,111.108316387515,26.793212040764665
769,111.1261085316573,26.819099771131135
770,111.1425214331607,26.84588319214015
771,111.15751010540306,26.87348889229642
772,111.1710334654756,26.90184120629467
773,111.18305444678836,26.93086242241297
774,111.19354010066712,26.960472995515183
775,111.20246168666348,26.990591765078637
776,111.20979475133032,27.021136177649495
777,111.21551919524711,27.05202251311601
778,111.219619328111,27.08316611417956
779,111.22208391174279,27.114481618394382
780,111.27290619089004,27.14588319214015
781,111.27214713833105,27.17728688883173
782,111.26987175345651,27.208617240734586
783,111.26608535053322,27.239801074360145
784,111.26079677288065,27.27076555842006
785,111.25401837221698,27.301438373927063
786,111.245765979811,27.331747883099297
787,111.23605886950757,27.361623296673695
788,111.22491971271259,27.39099483923756
789,111.21237452544288,27.419793912192294
790,111.19845260756462,27.4479532539686
791,111.18318647436206,27.475407097118985
792,111.16661178059668,27.502091321920688
793,111.14876723723376,27.527943606130258
794,111.12969452103113,27.552903570540053
795,111.10943817720126,27.576912919996666
796,111.08804551537371,27.59991557955196
797,111.06556649910145,27.6218578254287
798,111.04205362916855,27.64268841049495
799,111.01756182097219,27.66235868395409
800,110.99214827626528,27.68082270497103
801,110.96587234955902,27.698037349969137
802,110.93879540949773,27.71396241334739
803,110.91098069552955,27.728560701382357
804,110.88249317020774,27.74179811909593
805,110.85339936746769,27.75364374988567
806,110.82376723723375,27.764069927732
807,110.79366598671912,27.773052301813458
808,110.76316591878911,27.780569893379177
809,110.73233826776561,27.786605144745725
810,110.701255033056,27.791143960303884
811,110.66998881099518,27.79417573943962
812,110.63861262529352,27.795693401292276
813,110.60719975648655,27.795693401292276
814,110.57582357078489,27.79417573943962
815,110.54455734872407,27.791143960303884
816,110.51347411401446,27.786605144745725
817,110.48264646299096,27.780569893379177
818,110.45214639506095,27.773052301813458
819,110.42204514454632,27.764069927732
820,110.39241301431238,27.75364374988567
821,110.36331921157233,27.74179811909593
822,110.33483168625052,27.728560701382357
823,110.30701697228234,27.71396241334739
824,110.27994003222105,27.69803734996914
825,110.25366410551479,27.68082270497103
826,110.22825056080788,27.66235868395409
827,110.20375875261152,27.64268841049495
828,110.18024588267862,27.621857825428705
829,110.15776686640636,27.59991557955196
830,110.13637420457881,27.576912919996666
831,110.11611786074894,27.552903570540053
832,110.09704514454631,27.527943606130258
833,110.07920060118339,27.502091321920688
834,110.06262590741801,27.475407097118985
835,110.04735977421545,27.4479532539686
836,110.03343785633719,27.419793912192294
837,110.02089266906748,27.39099483923756
838,110.0097535122725,27.361623296673695
839,110.00004640196907,27.331747883099297
840,109.9917940095631,27.301438373927063
841,109.98501560889942,27.27076555842006
842,109.97972703124685,27.239801074360145
843,109.97594062832356,27.208617240734586
844,109.97366524344902,27.17728688883173
845,109.97290619089003,27.14588319214015
846,109.97366524344902,27.11447949544857
847,109.97594062832356,27.083149143545715
848,109.97972703124685,27.051965309920156
849,109.98501560889942,27.02100082586024
850,109.9917940095631,26.990328010353238
851,110.00004640196907,26.960018501181004
852,110.0097535122725,26.930143087606606
853,110.02089266906748,26.90077154504274
854,110.03343785633719,26.871972472088007
855,110.04735977421545,26.843813130311702
856,110.06262590741801,26.816359287161315
857,110.07920060118339,26.789675062359613
858,110.09704514454631,26.763822778150043
859,110.11611786074894,26.738862813740248
860,110.13637420457881,26.71485346428363
861,110.15776686640636,26.691850804728343
862,110.18024588267862,26.6699085588516
863,110.20375875261152,26.64907797378535
864,110.22825056080788,26.62940770032621
865,110.25366410551479,26.610943679309273
866,110.27994003222105,26.59372903431116
867,110.30701697228234,26.577803970932912
868,110.33483168625052,26.563205682897944
869,110.36331921157233,26.549968265184372
870,110.39241301431238,26.538122634394632
871,110.42204514454632,26.527696456548302
872,110.45214639506095,26.518714082466843
873,110.48264646299096,26.511196490901124
874,110.51347411401446,26.505161239534576
875,110.54455734872407,26.500622423976417
876,110.57582357078489,26.49759064484068
877,110.60719975648655,26.496072982988025
878,110.63861262529352,26.496072982988025
879,110.66998881099518,26.49759064484068
880,110.701255033056,26.500622423976417
881,110.73233826776561,26.505161239534576
882,110.76316591878911,26.511196490901124
883,110.79366598671912,26.518714082466843
884,110.82376723723375,26.527696456548302
885,110.85339936746769,26.538122634394632
886,110.88249317020774,26.549968265184372
887,110.91098069552955,26.563205682897944
888,110.93879540949773,26.577803970932912
889,110.96587234955902,26.59372903431116
890,110.99214827626528,26.610943679309273
891,111.01756182097219,26.629407700326208
892,111.04205362916855,26.64907797378535
893,111.06556649910145,26.669908558851596
894,111.08804551537371,26.69185080472834
895,111.10943817720126,26.71485346428363
896,111.12969452103113,26.738862813740248
897,111.14876723723376,26.763822778150043
898,111.16661178059668,26.789675062359613
899,111.18318647436206,26.816359287161315
900,111.19845260756462,26.843813130311702
901,111.21237452544288,26.871972472088007
902,111.22491971271259,26.90077154504274
903,111.23605886950757,26.930143087606606
904,111.245765979811,26.960018501181
905,111.25401837221698,26.990328010353238
906,111.26079677288065,27.021000825860238
907,111.26608535053322,27.051965309920156
908,111.26987175345651,27.083149143545715
909,111.27214713833105,27.11447949544857
910,111.32290619089004,27.14588319214015
911,111.32220133746895,27.17728857338551
912,111.3200881966867,27.208630708372553
913,111.31657102412758,27.23984647821251
914,111.31165690290908,27.270873018499195
915,111.30535572941731,27.30164784590957
916,111.29768019337713,27.33210898403682
917,111.28864575229665,27.362195088202615
918,111.27827060033785,27.39184556899709
919,111.26657563167605,27.421000714297897
920,111.25358439842172,27.44960180952244
921,111.23932306318976,27.47759125587125
922,111.22382034641134,27.504912686324285
923,111.20710746849495,27.531511079156623
924,111.1892180869525,27.557332868744883
925,111.17018822861766,27.582326053441264
926,111.15005621709257,27.60644030029795
927,111.1288625955692,27.629627046430954
928,111.10665004518084,27.651839596819325
929,111.08346329904784,27.673033218342677
930,111.05934905219115,27.69316522986777
931,111.03435586749477,27.712195088202613
932,111.0085340779065,27.730084469745062
933,110.98193568507416,27.746797347661456
934,110.95461425462113,27.762300064439867
935,110.92662480827232,27.776561399671845
936,110.89802371304778,27.789552632926167
937,110.86886856774697,27.801247601587967
938,110.8392180869525,27.811622753546757
939,110.80913198278671,27.82065719462725
940,110.77867084465946,27.828332730667427
941,110.74789601724908,27.83463390415919
942,110.71686947696239,27.839548025377706
943,110.68565370712244,27.843065197936816
944,110.6543115721354,27.84517833871907
945,110.62290619089003,27.84588319214015
946,110.59150080964467,27.84517833871907
947,110.56015867465763,27.843065197936816
948,110.52894290481768,27.839548025377706
949,110.497916364531,27.83463390415919
950,110.46714153712061,27.828332730667427
951,110.43668039899336,27.82065719462725
952,110.40659429482757,27.811622753546757
953,110.3769438140331,27.801247601587967
954,110.34778866873229,27.789552632926167
955,110.31918757350775,27.776561399671845
956,110.29119812715894,27.762300064439867
957,110.2638766967059,27.746797347661456
958,110.23727830387357,27.730084469745062
959,110.2114565142853,27.712195088202613
960,110.18646332958892,27.69316522986777
961,110.16234908273223,27.673033218342677
962,110.13916233659923,27.651839596819325
963,110.11694978621087,27.629627046430954
964,110.0957561646875,27.60644030029795
965,110.07562415316241,27.582326053441264
966,110.05659429482758,27.557332868744883
967,110.03870491328512,27.531511079156623
968,110.02199203536873,27.504912686324285
969,110.00648931859031,27.47759125587125
970,109.99222798335835,27.44960180952244
971,109.97923675010402,27.421000714297897
972,109.96754178144222,27.39184556899709
973,109.95716662948342,27.362195088202615
974,109.94813218840294,27.33210898403682
975,109.94045665236276,27.30164784590957
976,109.93415547887099,27.270873018499195
977,109.92924135765249,27.23984647821251
978,109.92572418509337,27.208630708372553
979,109.92361104431112,27.17728857338551
980,109.92290619089003,27.14588319214015
981,109.92361104431112,27.11447781089479
982,109.92572418509337,27.083135675907748
983,109.92924135765249,27.05191990606779
984,109.93415547887099,27.020893365781106
985,109.94045665236276,26.99011853837073
986,109.94813218840294,26.95965740024348
987,109.95716662948342,26.929571296077686
988,109.96754178144222,26.89992081528321
989,109.97923675010402,26.870765669982404
990,109.99222798335835,26.84216457475786
991,110.00648931859031,26.81417512840905
992,110.02199203536873,26.786853697956015
993,110.03870491328512,26.76025530512368
994,110.05659429482758,26.734433515535418
995,110.07562415316241,26.709440330839037
996,110.0957561646875,26.68532608398235
997,110.11694978621087,26.662139337849347
998,110.13916233659923,26.639926787460976
999,110.16234908273223,26.618733165937623
1000,110.18646332958892,26.598601154412528
1001,110.2114565142853,26.579571296077688
1002,110.23727830387357,26.56168191453524
1003,110.2638766967059,26.544969036618845
1004,110.29119812715894,26.529466319840434
1005,110.31918757350775,26.515204984608456
1006,110.34778866873229,26.502213751354134
1007,110.3769438140331,26.490518782692334
1008,110.40659429482757,26.480143630733544
1009,110.43668039899336,26.471109189653053
1010,110.46714153712061,26.463433653612874
1011,110.497916364531,26.45713248012111
1012,110.52894290481768,26.452218358902595
1013,110.56015867465763,26.448701186343484
1014,110.59150080964467,26.44658804556123
1015,110.62290619089003,26.44588319214015
1016,110.6543115721354,26.44658804556123
1017,110.68565370712244,26.448701186343484
1018,110.71686947696239,26.452218358902595
1019,110.74789601724908,26.45713248012111
1020,110.77867084465946,26.463433653612874
1021,110.80913198278671,26.471109189653053
1022,110.8392180869525,26.480143630733544
1023,110.86886856774697,26.490518782692334
1024,110.89802371304778,26.502213751354134
1025,110.92662480827232,26.515204984608456
1026,110.95461425462113,26.529466319840434
1027,110.98193568507416,26.544969036618845
1028,111.0085340779065,26.56168191453524
1029,111.03435586749477,26.579571296077688
1030,111.05934905219115,26.59860115441253
1031,111.08346329904784,26.618733165937623
1032,111.10665004518084,26.639926787460976
1033,111.1288625955692,26.662139337849347
1034,111.15005621709257,26.685326083982353
1035,111.17018822861766,26.709440330839037
1036,111.1892180869525,26.734433515535418
1037,111.20710746849495,26.76025530512368
1038,111.22382034641134,26.786853697956015
1039,111.23932306318976,26.81417512840905
1040,111.25358439842172,26.84216457475786
1041,111.26657563167605,26.870765669982404
1042,111.27827060033785,26.89992081528321
1043,111.28864575229665,26.929571296077686
1044,111.29768019337713,26.95965740024348
1045,111.30535572941731,26.99011853837073
1046,111.31165690290908,27.020893365781106
1047,111.31657102412758,27.05191990606779
1048,111.3200881966867,27.083135675907748
1049,111.32220133746895,27.11447781089479
1050,111.37290619089003,27.14588319214015
1051,111.37224831346418,27.17728993243705
1052,111.37027583532716,27.208641574639387
1053,111.3669922168759,27.23988311731338
1054,111.36240321869292,27.270959752177227
1055,111.35651689144039,27.30181696025347
1056,111.3493435617365,27.33240060751379
1057,111.34089581403909,27.362657039848504
1058,111.33118846856814,27.39253317719409
1059,111.32023855530622,27.421976606653658
1060,111.30806528412198,27.450935674447
1061,111.29469001106959,27.479359576528847
1062,111.28013620092294,27.507198447716437
1063,111.26442938601042,27.534403449169996
1064,111.24759712142261,27.560926854072658
1065,111.22966893667125,27.586722131359505
1066,111.21067628388441,27.611744027348884
1067,111.19065248262885,27.63594864513273
1068,111.16963266145609,27.659293521586665
1069,111.14765369627506,27.681737701864755
1070,111.12475414565918,27.703241811248198
1071,111.10097418320156,27.72376812422199
1072,111.07635552703681,27.743280630658298
1073,111.05094136665336,27.761745098990428
1074,111.02477628712428,27.77912913626666
1075,110.99790619089003,27.79540224497848
1076,110.97037821722994,27.810535876563563
1077,110.94224065956384,27.824503481489664
1078,110.91354288072911,27.837280555831526
1079,110.8843352263814,27.84884468425907
1080,110.85466893667125,27.859175579361516
1081,110.82459605635148,27.868255117238395
1082,110.79416934347303,27.876067369295022
1083,110.76344217682933,27.882598630186667
1084,110.73246846231184,27.88783744186239
1085,110.70130253834077,27.891774613666357
1086,110.66999908053702,27.894403238461354
1087,110.63861300580255,27.895718704746283
1088,110.60719937597752,27.895718704746283
1089,110.57581330124304,27.894403238461354
1090,110.5445098434393,27.891774613666357
1091,110.51334391946823,27.88783744186239
1092,110.48237020495074,27.882598630186667
1093,110.45164303830704,27.876067369295022
1094,110.42121632542859,27.868255117238395
1095,110.39114344510882,27.859175579361516
1096,110.36147715539867,27.84884468425907
1097,110.33226950105096,27.837280555831526
1098,110.30357172221623,27.824503481489664
1099,110.27543416455013,27.810535876563563
1100,110.24790619089003,27.79540224497848
1101,110.22103609465579,27.77912913626666
1102,110.19487101512671,27.761745098990428
1103,110.16945685474326,27.743280630658298
1104,110.14483819857851,27.723768124221994
1105,110.12105823612089,27.703241811248198
1106,110.09815868550501,27.681737701864755
1107,110.07617972032398,27.65929352158667
1108,110.05515989915122,27.63594864513273
1109,110.03513609789566,27.611744027348884
1110,110.01614344510882,27.586722131359505
1111,109.99821526035745,27.560926854072658
1112,109.98138299576965,27.53440344917
1113,109.96567618085713,27.507198447716437
1114,109.95112237071048,27.479359576528847
1115,109.93774709765809,27.450935674447003
1116,109.92557382647385,27.421976606653658
1117,109.91462391321193,27.39253317719409
1118,109.90491656774098,27.362657039848504
1119,109.89646882004357,27.33240060751379
1120,109.88929549033968,27.30181696025347
1121,109.88340916308715,27.270959752177227
1122,109.87882016490417,27.23988311731338
1123,109.8755365464529,27.208641574639387
1124,109.87356406831589,27.177289932437052
1125,109.87290619089003,27.14588319214015
1126,109.87356406831589,27.11447645184325
1127,109.8755365464529,27.083124809640914
1128,109.87882016490417,27.05188326696692
1129,109.88340916308715,27.020806632103074
1130,109.88929549033968,26.989949424026833
1131,109.89646882004357,26.95936577676651
1132,109.90491656774098,26.929109344431797
1133,109.91462391321193,26.899233207086212
1134,109.92557382647385,26.869789777626643
1135,109.93774709765809,26.840830709833302
1136,109.95112237071048,26.812406807751454
1137,109.96567618085713,26.784567936563864
1138,109.98138299576965,26.757362935110304
1139,109.99821526035745,26.730839530207643
1140,110.01614344510882,26.705044252920796
1141,110.03513609789566,26.680022356931417
1142,110.05515989915122,26.655817739147572
1143,110.07617972032398,26.632472862693636
1144,110.09815868550501,26.610028682415546
1145,110.12105823612089,26.588524573032103
1146,110.14483819857851,26.56799826005831
1147,110.16945685474326,26.548485753622003
1148,110.19487101512671,26.530021285289873
1149,110.22103609465579,26.51263724801364
1150,110.24790619089003,26.49636413930182
1151,110.27543416455013,26.481230507716738
1152,110.30357172221623,26.467262902790637
1153,110.33226950105096,26.454485828448774
1154,110.36147715539867,26.44292170002123
1155,110.39114344510882,26.432590804918785
1156,110.42121632542859,26.423511267041906
1157,110.45164303830704,26.41569901498528
1158,110.48237020495074,26.409167754093634
1159,110.51334391946823,26.40392894241791
1160,110.5445098434393,26.399991770613944
1161,110.57581330124304,26.397363145818947
1162,110.60719937597752,26.396047679534018
1163,110.63861300580255,26.396047679534018
1164,110.66999908053702,26.397363145818947
1165,110.70130253834077,26.399991770613944
1166,110.73246846231184,26.40392894241791
1167,110.76344217682933,26.409167754093634
1168,110.79416934347303,26.41569901498528
1169,110.82459605635148,26.423511267041906
1170,110.85466893667125,26.432590804918785
1171,110.8843352263814,26.44292170002123
1172,110.91354288072911,26.454485828448774
1173,110.94224065956384,26.467262902790637
1174,110.97037821722994,26.481230507716738
1175,110.99790619089003,26.49636413930182
1176,111.02477628712428,26.51263724801364
1177,111.05094136665336,26.530021285289873
1178,111.07635552703681,26.548485753622003
1179,111.10097418320156,26.567998260058307
1180,111.12475414565918,26.588524573032103
1181,111.14765369627506,26.610028682415546
1182,111.16963266145609,26.632472862693636
1183,111.19065248262885,26.655817739147572
1184,111.21067628388441,26.680022356931417
1185,111.22966893667125,26.705044252920796
1186,111.24759712142261,26.730839530207643
1187,111.26442938601042,26.757362935110304
1188,111.28013620092294,26.784567936563864
1189,111.29469001106959,26.812406807751454
1190,111.30806528412198,26.840830709833302
1191,111.32023855530622,26.869789777626643
1192,111.33118846856814,26.899233207086212
1193,111.34089581403909,26.929109344431797
1194,111.3493435617365,26.95936577676651
1195,111.35651689144039,26.98994942402683
1196,111.36240321869292,27.020806632103074
1197,111.3669922168759,27.05188326696692
1198,111.37027583532716,27.083124809640914
1199,111.37224831346418,27.11447645184325
1200,111.42290619089003,27.14588319214015
1201,111.42228941988262,27.177291044747406
1202,111.42044005787653,27.208650468722425
1203,111.41736095645398,27.23991311010642
1204,111.41305686336615,27.271030764172334
1205,111.40753441521262,27.301955449753052
1206,111.40080212720818,27.332639483224874
1207,111.39287038005295,27.36303555203221
1208,111.38375140392615,27.393096787640108
1209,111.37345925962802,27.422776837802147
1210,111.36200981689906,27.452029938032222
1211,111.3494207299501,27.480810982170095
1212,111.33571141024073,27.509075591931786
1213,111.32090299654827,27.536780185337715
1214,111.30501832237331,27.56388204391291
1215,111.28808188073207,27.590339378555832
1216,111.27011978639,27.61611139397413
1217,111.25115973559463,27.641158351588018
1218,111.23123096337007,27.6654416308043
1219,111.21036419843858,27.688923788566505
1220,111.18859161583927,27.711568617089387
1221,111.16594678731639,27.7333411996887
1222,111.14246462955418,27.754207964620175
1223,111.1181813503379,27.774136736844746
1224,111.09313439272401,27.79309678764011
1225,111.06736237730571,27.811058881982188
1226,111.0409050426628,27.827995323623423
1227,111.01380318408759,27.84387999779839
1228,110.98609859068168,27.858688411490846
1229,110.95783398091997,27.872397731200216
1230,110.92905293678211,27.88498681814918
1231,110.89979983655203,27.896436260878136
1232,110.87011978638999,27.906728405176274
1233,110.84005855078209,27.915847381303067
1234,110.80966248197475,27.923779128458293
1235,110.77897844850294,27.930511416462735
1236,110.74805376292223,27.93603386461626
1237,110.7169361088563,27.94033795770409
1238,110.68567346747231,27.943417059126652
1239,110.6543140434973,27.94526642113273
1240,110.62290619089003,27.94588319214015
1241,110.59149833828278,27.94526642113273
1242,110.56013891430776,27.943417059126652
1243,110.52887627292377,27.94033795770409
1244,110.49775861885784,27.93603386461626
1245,110.46683393327713,27.930511416462735
1246,110.43614989980532,27.923779128458293
1247,110.40575383099798,27.915847381303067
1248,110.37569259539008,27.906728405176274
1249,110.34601254522804,27.896436260878136
1250,110.31675944499796,27.88498681814918
1251,110.2879784008601,27.872397731200216
1252,110.25971379109839,27.858688411490846
1253,110.23200919769248,27.84387999779839
1254,110.20490733911727,27.827995323623423
1255,110.17845000447436,27.811058881982188
1256,110.15267798905606,27.79309678764011
1257,110.12763103144216,27.774136736844746
1258,110.10334775222589,27.754207964620175
1259,110.07986559446368,27.7333411996887
1260,110.0572207659408,27.711568617089387
1261,110.03544818334149,27.688923788566505
1262,110.01458141841,27.6654416308043
1263,109.99465264618544,27.641158351588018
1264,109.97569259539007,27.61611139397413
1265,109.957730501048,27.590339378555832
1266,109.94079405940676,27.56388204391291
1267,109.9249093852318,27.536780185337715
1268,109.91010097153934,27.509075591931786
1269,109.89639165182997,27.480810982170095
1270,109.88380256488101,27.452029938032222
1271,109.87235312215205,27.422776837802147
1272,109.86206097785391,27.393096787640108
1273,109.85294200172711,27.36303555203221
1274,109.84501025457189,27.332639483224874
1275,109.83827796656745,27.301955449753052
1276,109.83275551841392,27.271030764172334
1277,109.8284514253261,27.23991311010642
1278,109.82537232390354,27.208650468722425
1279,109.82352296189745,27.177291044747406
1280,109.82290619089004,27.14588319214015
1281,109.82352296189745,27.114475339532895
1282,109.82537232390354,27.083115915557876
1283,109.8284514253261,27.05185327417388
1284,109.83275551841392,27.020735620107967
1285,109.83827796656745,26.98981093452725
1286,109.84501025457189,26.959126901055427
1287,109.85294200172711,26.928730832248092
1288,109.86206097785391,26.898669596640193
1289,109.87235312215205,26.868989546478158
1290,109.88380256488101,26.83973644624808
1291,109.89639165182997,26.810955402110206
1292,109.91010097153934,26.782690792348514
1293,109.9249093852318,26.754986198942586
1294,109.94079405940676,26.727884340367392
1295,109.957730501048,26.70142700572447
1296,109.97569259539007,26.67565499030617
1297,109.99465264618544,26.650608032692283
1298,110.01458141841,26.626324753476002
1299,110.03544818334149,26.602842595713796
1300,110.0572207659408,26.580197767190914
1301,110.07986559446368,26.558425184591602
1302,110.10334775222589,26.537558419660126
1303,110.12763103144216,26.517629647435555
1304,110.15267798905606,26.49866959664019
1305,110.17845000447436,26.480707502298113
1306,110.20490733911727,26.463771060656878
1307,110.23200919769248,26.447886386481912
1308,110.25971379109839,26.433077972789455
1309,110.2879784008601,26.419368653080085
1310,110.31675944499797,26.40677956613112
1311,110.34601254522804,26.395330123402164
1312,110.37569259539008,26.385037979104027
1313,110.40575383099798,26.375919002977234
1314,110.43614989980532,26.36798725582201
1315,110.46683393327713,26.361254967817565
1316,110.49775861885784,26.35573251966404
1317,110.52887627292377,26.35142842657621
1318,110.56013891430776,26.34834932515365
1319,110.59149833828278,26.346499963147572
1320,110.62290619089003,26.34588319214015
1321,110.6543140434973,26.346499963147572
1322,110.68567346747231,26.34834932515365
1323,110.7169361088563,26.35142842657621
1324,110.74805376292223,26.35573251966404
1325,110.77897844850294,26.361254967817565
1326,110.80966248197475,26.36798725582201
1327,110.84005855078209,26.375919002977234
1328,110.87011978638999,26.385037979104027
1329,110.89979983655203,26.395330123402164
1330,110.92905293678211,26.40677956613112
1331,110.95783398091997,26.419368653080085
1332,110.98609859068168,26.433077972789455
1333,111.01380318408759,26.447886386481912
1334,111.0409050426628,26.463771060656878
1335,111.06736237730571,26.480707502298113
1336,111.09313439272401,26.49866959664019
1337,111.1181813503379,26.517629647435555
1338,111.14246462955418,26.537558419660126
1339,111.16594678731639,26.558425184591602
1340,111.18859161583927,26.580197767190914
1341,111.21036419843858,26.602842595713796
1342,111.23123096337005,26.626324753476002
1343,111.25115973559463,26.650608032692283
1344,111.27011978639,26.67565499030617
1345,111.28808188073207,26.70142700572447
1346,111.30501832237331,26.727884340367392
1347,111.32090299654827,26.754986198942586
1348,111.33571141024073,26.782690792348514
1349,111.3494207299501,26.810955402110206
1350,111.36200981689906,26.83973644624808
1351,111.37345925962802,26.868989546478154
1352,111.38375140392615,26.898669596640193
1353,111.39287038005295,26.928730832248092
1354,111.40080212720818,26.959126901055427
1355,111.40753441521262,26.98981093452725
1356,111.41305686336615,27.020735620107967
1357,111.41736095645398,27.05185327417388
1358,111.42044005787653,27.083115915557872
1359,111.42228941988262,27.114475339532895
1360,111.47290619089003,27.14588319214015
1361,111.47232569201161,27.177291966620924
1362,111.47058498826796,27.208657840493792
1363,111.46768645725102,27.239937971747928
1364,111.46363405800551,27.271089635486593
1365,111.45843332562136,27.302070282284234
1366,111.4520913636734,27.332837596303868
1367,111.44461683451884,27.36334955309542
1368,111.43601994746541,27.393564476996076
1369,111.42631244482673,27.423441098054223
1370,111.41550758588373,27.45293860839923
1371,111.40362012877407,27.482016717980112
1372,111.39066631033424,27.51063570959687
1373,111.37666382392209,27.538756493149418
1374,111.36163179524974,27.56634065902996
1375,111.34559075626021,27.5933505305859
1376,111.32856261708325,27.619749215581603
1377,111.31057063610874,27.64550065658875
1378,111.2916393882185,27.670569680236476
1379,111.27179473121997,27.694922045253918
1380,111.2510637705276,27.718524489239723
1381,111.22947482214002,27.741344774094447
1382,111.2070573739639,27.76335173005394
1383,111.18384204553695,27.784515298263493
1384,111.1598605462053,27.80480657183461
1385,111.1351456318124,27.824197835328356
1386,111.10973105995846,27.842662602611288
1387,111.08365154389162,27.86017565303236
1388,111.0569427050938,27.876713065871268
1389,111.02964102462613,27.892252253011293
1390,111.00178379330009,27.906771989791952
1391,110.97340906074285,27.920252443999324
1392,110.944555583426,27.932675202954474
1393,110.91526277172888,27.944023298662948
1394,110.88557063610874,27.954281230991032
1395,110.8555197324513,27.963434988837047
1396,110.82515110667626,27.97147206926885
1397,110.79450623867349,27.97838149460131
1398,110.76362698564654,27.984153827390543
1399,110.73255552494071,27.98878118332428
1400,110.70133429643384,27.99225724199093
1401,110.67000594456862,27.994577255512468
1402,110.6386132601053,27.995738055029495
1403,110.60719912167477,27.995738055029495
1404,110.57580643721145,27.994577255512468
1405,110.54447808534623,27.99225724199093
1406,110.51325685683936,27.98878118332428
1407,110.48218539613353,27.984153827390543
1408,110.45130614310658,27.97838149460131
1409,110.42066127510381,27.97147206926885
1410,110.39029264932877,27.963434988837047
1411,110.36024174567133,27.954281230991032
1412,110.3305496100512,27.944023298662948
1413,110.30125679835407,27.932675202954474
1414,110.27240332103722,27.920252443999324
1415,110.24402858847998,27.906771989791952
1416,110.21617135715394,27.892252253011293
1417,110.18886967668627,27.876713065871268
1418,110.16216083788845,27.86017565303236
1419,110.1360813218216,27.842662602611288
1420,110.11066674996766,27.824197835328356
1421,110.08595183557478,27.80480657183461
1422,110.06197033624312,27.784515298263493
1423,110.03875500781616,27.76335173005394
1424,110.01633755964005,27.741344774094447
1425,109.99474861125248,27.718524489239723
1426,109.9740176505601,27.694922045253918
1427,109.95417299356157,27.670569680236476
1428,109.93524174567133,27.64550065658875
1429,109.91724976469682,27.619749215581603
1430,109.90022162551986,27.5933505305859
1431,109.88418058653033,27.56634065902996
1432,109.86914855785798,27.538756493149418
1433,109.85514607144583,27.51063570959687
1434,109.842192253006,27.482016717980112
1435,109.83030479589634,27.45293860839923
1436,109.81949993695333,27.423441098054223
1437,109.80979243431466,27.393564476996076
1438,109.80119554726123,27.36334955309542
1439,109.79372101810667,27.332837596303868
1440,109.78737905615871,27.302070282284237
1441,109.78217832377456,27.271089635486593
1442,109.77812592452905,27.239937971747928
1443,109.77522739351211,27.208657840493792
1444,109.77348668976846,27.177291966620924
1445,109.77290619089004,27.14588319214015
1446,109.77348668976846,27.114474417659377
1447,109.77522739351211,27.08310854378651
1448,109.77812592452905,27.051828412532373
1449,109.78217832377456,27.020676748793708
1450,109.78737905615871,26.989696101996067
1451,109.79372101810667,26.958928787976433
1452,109.80119554726123,26.92841683118488
1453,109.80979243431466,26.898201907284225
1454,109.81949993695333,26.868325286226078
1455,109.83030479589634,26.83882777588107
1456,109.842192253006,26.80974966630019
1457,109.85514607144583,26.781130674683432
1458,109.86914855785798,26.753009891130883
1459,109.88418058653033,26.72542572525034
1460,109.90022162551986,26.6984158536944
1461,109.91724976469682,26.672017168698698
1462,109.93524174567133,26.64626572769155
1463,109.95417299356157,26.621196704043825
1464,109.9740176505601,26.596844339026383
1465,109.99474861125248,26.573241895040578
1466,110.01633755964005,26.550421610185854
1467,110.03875500781616,26.52841465422636
1468,110.06197033624312,26.507251086016808
1469,110.08595183557478,26.48695981244569
1470,110.11066674996766,26.467568548951945
1471,110.1360813218216,26.449103781669013
1472,110.16216083788845,26.43159073124794
1473,110.18886967668627,26.415053318409033
1474,110.21617135715394,26.399514131269008
1475,110.24402858847998,26.38499439448835
1476,110.27240332103722,26.371513940280977
1477,110.30125679835407,26.359091181325827
1478,110.3305496100512,26.347743085617353
1479,110.36024174567133,26.33748515328927
1480,110.39029264932877,26.328331395443254
1481,110.42066127510381,26.320294315011452
1482,110.45130614310658,26.31338488967899
1483,110.48218539613353,26.307612556889758
1484,110.51325685683936,26.30298520095602
1485,110.54447808534623,26.29950914228937
1486,110.57580643721145,26.297189128767833
1487,110.60719912167477,26.296028329250806
1488,110.6386132601053,26.296028329250806
1489,110.67000594456862,26.297189128767833
1490,110.70133429643384,26.29950914228937
1491,110.73255552494071,26.30298520095602
1492,110.76362698564654,26.307612556889758
1493,110.79450623867349,26.31338488967899
1494,110.82515110667626,26.320294315011452
1495,110.8555197324513,26.328331395443254
1496,110.88557063610874,26.33748515328927
1497,110.91526277172888,26.347743085617353
1498,110.944555583426,26.359091181325827
1499,110.97340906074285,26.371513940280977
1500,111.00178379330009,26.38499439448835
1501,111.02964102462613,26.399514131269008
1502,111.0569427050938,26.415053318409033
1503,111.08365154389162,26.43159073124794
1504,111.10973105995846,26.449103781669013
1505,111.1351456318124,26.467568548951945
1506,111.1598605462053,26.48695981244569
1507,111.18384204553695,26.507251086016808
1508,111.2070573739639,26.52841465422636
1509,111.22947482214002,26.550421610185854
1510,111.2510637705276,26.573241895040578
1511,111.27179473121997,26.596844339026383
1512,111.2916393882185,26.621196704043825
1513,111.31057063610874,26.64626572769155
1514,111.32856261708325,26.672017168698698
1515,111.34559075626021,26.6984158536944
1516,111.36163179524974,26.72542572525034
1517,111.37666382392209,26.753009891130883
1518,111.39066631033424,26.781130674683432
1519,111.40362012877407,26.80974966630019
1520,111.41550758588373,26.838827775881068
1521,111.42631244482673,26.868325286226078
1522,111.43601994746541,26.898201907284225
1523,111.44461683451884,26.92841683118488
1524,111.4520913636734,26.958928787976433
1525,111.45843332562136,26.989696101996067
1526,111.46363405800551,27.020676748793708
1527,111.46768645725102,27.051828412532373
1528,111.47058498826796,27.08310854378651
1529,111.47232569201161,27.114474417659377
1530,111.52290619089004,27.14588319214015
1531,111.52235793520722,27.1772927391724
1532,111.52071383612387,27.208664018509864
1533,111.51797589672148,27.23995880908104
1534,111.51414745275744,27.27113898300421
1535,111.50923316860103,27.302166552040386
1536,111.50323903155046,27.333003713876135
1537,111.49617234453844,27.363612898179852
1538,111.48804171723452,27.39395681237545
1539,111.47885705555568,27.423998487077604
1540,111.46862954959735,27.453701321133252
1541,111.45737166000015,27.483029126214472
1542,111.44509710276837,27.51194617090837
1543,111.43182083255928,27.54041722425032
1544,111.41755902446307,27.568407598647454
1545,111.40232905429603,27.59588319214015
1546,111.38614947743082,27.622810529950033
1547,111.36904000618958,27.64915680526382
1548,111.35102148582749,27.674889919203377
1549,111.33211586913609,27.699978519933243
1550,111.31234618969711,27.724392040858035
1551,111.29173653381969,27.748100737863123
1552,111.27031201119482,27.77107572555325
1553,111.24809872430313,27.793289012444937
1554,111.22512373661301,27.814713535069806
1555,111.20141503960792,27.835323190947232
1556,111.17700151868313,27.8550928703862
1557,111.15191291795325,27.873998487077603
1558,111.1261798040137,27.892017007439687
1559,111.09983352869992,27.909126478680935
1560,111.07290619089004,27.925306055546145
1561,111.04543059739734,27.940536025713186
1562,111.01744022300021,27.9547978338094
1563,110.98896916965826,27.96807410401849
1564,110.96005212496435,27.98034866125026
1565,110.93072431988314,27.991606550847468
1566,110.90102148582748,28.001834056805787
1567,110.87097981112534,28.01101871848464
1568,110.84063589692974,28.01914934578855
1569,110.81002671262601,28.026216032800576
1570,110.77918955079028,28.032210169851137
1571,110.7481619817541,28.037124454007564
1572,110.71698180783092,28.040952897971597
1573,110.68568701725975,28.043690837373994
1574,110.65431573792229,28.045334936457337
1575,110.62290619089003,28.04588319214015
1576,110.59149664385778,28.045334936457337
1577,110.56012536452032,28.043690837373994
1578,110.52883057394915,28.040952897971597
1579,110.49765040002598,28.037124454007564
1580,110.46662283098979,28.032210169851137
1581,110.43578566915406,28.026216032800576
1582,110.40517648485033,28.01914934578855
1583,110.37483257065473,28.01101871848464
1584,110.34479089595258,28.001834056805787
1585,110.31508806189693,27.991606550847468
1586,110.28576025681572,27.98034866125026
1587,110.25684321212181,27.96807410401849
1588,110.22837215877986,27.9547978338094
1589,110.20038178438273,27.940536025713186
1590,110.17290619089003,27.925306055546145
1591,110.14597885308015,27.909126478680935
1592,110.11963257776637,27.892017007439687
1593,110.09389946382682,27.873998487077603
1594,110.06881086309694,27.8550928703862
1595,110.04439734217215,27.835323190947232
1596,110.02068864516706,27.814713535069806
1597,109.99771365747694,27.793289012444937
1598,109.97550037058525,27.77107572555325
1599,109.95407584796038,27.748100737863123
1600,109.93346619208296,27.724392040858035
1601,109.91369651264398,27.699978519933243
1602,109.89479089595258,27.674889919203377
1603,109.87677237559049,27.64915680526382
1604,109.85966290434925,27.622810529950033
1605,109.84348332748404,27.59588319214015
1606,109.828253357317,27.568407598647454
1607,109.81399154922079,27.54041722425032
1608,109.8007152790117,27.51194617090837
1609,109.78844072177992,27.483029126214472
1610,109.77718283218272,27.453701321133252
1611,109.76695532622439,27.423998487077604
1612,109.75777066454555,27.39395681237545
1613,109.74964003724163,27.363612898179852
1614,109.7425733502296,27.333003713876135
1615,109.73657921317904,27.302166552040386
1616,109.73166492902263,27.27113898300421
1617,109.72783648505859,27.23995880908104
1618,109.7250985456562,27.208664018509864
1619,109.72345444657284,27.1772927391724
1620,109.72290619089003,27.14588319214015
1621,109.72345444657284,27.1144736451079
1622,109.7250985456562,27.083102365770436
1623,109.72783648505859,27.051807575199263
1624,109.73166492902263,27.02062740127609
1625,109.73657921317904,26.989599832239914
1626,109.7425733502296,26.958762670404166
1627,109.74964003724163,26.92815348610045
1628,109.75777066454555,26.89780957190485
1629,109.76695532622439,26.867767897202697
1630,109.77718283218272,26.83806506314705
1631,109.78844072177992,26.80873725806583
1632,109.8007152790117,26.77982021337193
1633,109.81399154922079,26.75134916002998
1634,109.828253357317,26.723358785632847
1635,109.84348332748404,26.69588319214015
1636,109.85966290434925,26.668955854330267
1637,109.87677237559049,26.64260957901648
1638,109.89479089595258,26.616876465076924
1639,109.91369651264398,26.591787864347058
1640,109.93346619208296,26.567374343422266
1641,109.95407584796038,26.54366564641718
1642,109.97550037058525,26.52069065872705
1643,109.99771365747694,26.498477371835364
1644,110.02068864516706,26.477052849210494
1645,110.04439734217215,26.45644319333307
1646,110.06881086309694,26.4366735138941
1647,110.09389946382682,26.417767897202697
1648,110.11963257776637,26.399749376840614
1649,110.14597885308015,26.382639905599365
1650,110.17290619089003,26.366460328734156
1651,110.20038178438273,26.351230358567115
1652,110.22837215877986,26.3369685504709
1653,110.25684321212181,26.32369228026181
1654,110.28576025681572,26.311417723030043
1655,110.31508806189693,26.300159833432833
1656,110.34479089595258,26.289932327474514
1657,110.37483257065473,26.280747665795662
1658,110.40517648485033,26.272617038491752
1659,110.43578566915406,26.265550351479725
1660,110.46662283098979,26.259556214429164
1661,110.49765040002598,26.254641930272737
1662,110.52883057394915,26.250813486308704
1663,110.56012536452032,26.248075546906307
1664,110.59149664385778,26.246431447822964
1665,110.62290619089003,26.245883192140152
1666,110.65431573792229,26.246431447822964
1667,110.68568701725975,26.248075546906307
1668,110.71698180783092,26.250813486308704
1669,110.7481619817541,26.254641930272737
1670,110.77918955079028,26.259556214429164
1671,110.81002671262601,26.265550351479725
1672,110.84063589692974,26.272617038491752
1673,110.87097981112534,26.280747665795662
1674,110.90102148582748,26.289932327474514
1675,110.93072431988314,26.300159833432833
1676,110.96005212496435,26.31141772303004
1677,110.98896916965826,26.32369228026181
1678,111.01744022300021,26.3369685504709
1679,111.04543059739734,26.351230358567115
1680,111.07290619089004,26.366460328734156
1681,111.09983352869992,26.382639905599365
1682,111.1261798040137,26.399749376840614
1683,111.15191291795325,26.417767897202697
1684,111.17700151868313,26.4366735138941
1685,111.20141503960792,26.45644319333307
1686,111.225123736613,26.477052849210494
1687,111.24809872430313,26.498477371835364
1688,111.27031201119482,26.52069065872705
1689,111.29173653381969,26.54366564641718
1690,111.31234618969711,26.567374343422266
1691,111.33211586913609,26.591787864347058
1692,111.35102148582749,26.616876465076924
1693,111.36904000618958,26.64260957901648
1694,111.38614947743082,26.668955854330264
1695,111.40232905429603,26.69588319214015
1696,111.41755902446307,26.723358785632847
1697,111.43182083255928,26.75134916002998
1698,111.44509710276837,26.77982021337193
1699,111.45737166000015,26.80873725806583
1700,111.46862954959735,26.83806506314705
1701,111.47885705555568,26.867767897202697
1702,111.48804171723452,26.89780957190485
1703,111.49617234453844,26.92815348610045
1704,111.50323903155046,26.958762670404166
1705,111.50923316860103,26.98959983223991
1706,111.51414745275744,27.02062740127609
1707,111.51797589672148,27.051807575199263
1708,111.52071383612387,27.083102365770436
1709,111.52235793520722,27.1144736451079
1710,111.57290619089004,27.14588319214015
1711,111.57238678536392,27.177293392991594
1712,111.57082913674788,27.208669247249563
1713,111.56823494830779,27.23997644587809
1714,111.56460705675066,27.271180754915115
1715,111.55994942912263,27.302248052906847
1716,111.5542671584711,27.333144368219056
1717,111.54756645827564,27.363835916184563
1718,111.53985465565351,27.39428913604628
1719,111.53114018334767,27.424470727655393
1720,111.52143257050564,27.4543476878846
1721,111.51074243225952,27.483887346716543
1722,111.49908145811855,27.51305740296798
1723,111.48646239918673,27.541825959610676
1724,111.47289905421977,27.570161558650316
1725,111.4584062545362,27.59803321552537
1726,111.44299984779973,27.625410452988252
1727,111.42669668068993,27.652263334431744
1728,111.40951458048066,27.678562496624238
1729,111.39147233554624,27.704279181818
1730,111.37258967481661,27.729385269195333
1731,111.35288724620405,27.7538533056183
1732,111.33238659402498,27.777656535648305
1733,111.31111013544157,27.80076893080279
1734,111.2890811359489,27.823165218016978
1735,111.26632368393449,27.844820907279626
1736,111.24286266433799,27.86571231841247
1737,111.2187237314399,27.885816606964156
1738,111.1939332808089,27.90511178919033
1739,111.16851842043883,27.92357676609251
1740,111.14250694110635,27.941191346489553
1741,111.1159272859822,27.95793626909641
1742,111.08880851952902,27.973793223586064
1743,111.0611802957198,27.988744870611583
1744,111.0330728256116,28.00277486076646
1745,111.00451684431036,28.015867852462456
1746,110.97554357736234,28.028009528705372
1747,110.9461847066096,28.039186612750505
1748,110.91647233554623,28.049386882620546
1749,110.88643895421379,28.058599184470157
1750,110.85611740367379,28.066813444782515
1751,110.8255408400966,28.07402068138457
1752,110.79474269850554,28.080213013268914
1753,110.76375665621629,28.085383669211545
1754,110.73261659601114,28.089526995176108
1755,110.70135656908874,28.092638460496488
1756,110.6700107578296,28.09471466283104
1757,110.63861343841808,28.095753331882996
1758,110.607198943362,28.095753331882996
1759,110.57580162395047,28.09471466283104
1760,110.54445581269133,28.092638460496488
1761,110.51319578576893,28.089526995176108
1762,110.48205572556378,28.085383669211545
1763,110.45106968327453,28.080213013268914
1764,110.42027154168348,28.07402068138457
1765,110.38969497810628,28.066813444782515
1766,110.35937342756628,28.058599184470157
1767,110.32934004623384,28.049386882620546
1768,110.29962767517047,28.039186612750505
1769,110.27026880441773,28.028009528705372
1770,110.24129553746971,28.015867852462456
1771,110.21273955616847,28.00277486076646
1772,110.18463208606028,27.988744870611583
1773,110.15700386225105,27.973793223586064
1774,110.12988509579787,27.957936269096415
1775,110.10330544067374,27.941191346489553
1776,110.07729396134124,27.92357676609251
1777,110.05187910097116,27.90511178919033
1778,110.02708865034018,27.88581660696416
1779,110.00294971744208,27.86571231841247
1780,109.97948869784558,27.844820907279626
1781,109.95673124583116,27.823165218016978
1782,109.9347022463385,27.80076893080279
1783,109.91342578775509,27.77765653564831
1784,109.89292513557602,27.7538533056183
1785,109.87322270696346,27.729385269195333
1786,109.85434004623383,27.704279181818
1787,109.83629780129941,27.678562496624238
1788,109.81911570109014,27.652263334431744
1789,109.80281253398034,27.625410452988252
1790,109.78740612724387,27.59803321552537
1791,109.7729133275603,27.570161558650316
1792,109.75934998259333,27.541825959610676
1793,109.74673092366152,27.51305740296798
1794,109.73506994952055,27.48388734671654
1795,109.72437981127443,27.4543476878846
1796,109.7146721984324,27.424470727655393
1797,109.70595772612656,27.39428913604628
1798,109.69824592350443,27.363835916184566
1799,109.69154522330896,27.333144368219056
1800,109.68586295265744,27.302248052906847
1801,109.68120532502941,27.271180754915115
1802,109.67757743347228,27.23997644587809
1803,109.6749832450322,27.208669247249567
1804,109.67342559641615,27.177293392991594
1805,109.67290619089003,27.14588319214015
1806,109.67342559641615,27.114472991288707
1807,109.6749832450322,27.083097137030737
1808,109.67757743347228,27.051789938402212
1809,109.68120532502941,27.020585629365186
1810,109.68586295265744,26.989518331373453
1811,109.69154522330896,26.958622016061245
1812,109.69824592350443,26.927930468095738
1813,109.70595772612656,26.897477248234022
1814,109.7146721984324,26.867295656624908
1815,109.72437981127443,26.8374186963957
1816,109.73506994952055,26.807879037563758
1817,109.74673092366152,26.77870898131232
1818,109.75934998259333,26.749940424669624
1819,109.7729133275603,26.721604825629985
1820,109.78740612724387,26.69373316875493
1821,109.80281253398034,26.66635593129205
1822,109.81911570109014,26.639503049848557
1823,109.83629780129941,26.613203887656063
1824,109.85434004623383,26.587487202462302
1825,109.87322270696346,26.562381115084968
1826,109.89292513557602,26.537913078662
1827,109.91342578775509,26.514109848631996
1828,109.9347022463385,26.49099745347751
1829,109.95673124583116,26.468601166263323
1830,109.97948869784558,26.446945477000675
1831,110.00294971744208,26.42605406586783
1832,110.02708865034018,26.405949777316145
1833,110.05187910097116,26.386654595089972
1834,110.07729396134124,26.36818961818779
1835,110.10330544067372,26.350575037790748
1836,110.12988509579787,26.33383011518389
1837,110.15700386225105,26.317973160694237
1838,110.18463208606028,26.303021513668718
1839,110.21273955616847,26.28899152351384
1840,110.24129553746971,26.275898531817845
1841,110.27026880441773,26.26375685557493
1842,110.29962767517047,26.252579771529795
1843,110.32934004623384,26.242379501659755
1844,110.35937342756628,26.233167199810143
1845,110.38969497810628,26.224952939497786
1846,110.42027154168348,26.21774570289573
1847,110.45106968327453,26.211553371011387
1848,110.48205572556378,26.206382715068756
1849,110.51319578576893,26.202239389104193
1850,110.54445581269133,26.199127923783813
1851,110.57580162395047,26.19705172144926
1852,110.607198943362,26.196013052397305
1853,110.63861343841808,26.196013052397305
1854,110.6700107578296,26.19705172144926
1855,110.70135656908874,26.199127923783813
1856,110.73261659601114,26.202239389104193
1857,110.76375665621629,26.206382715068756
1858,110.79474269850554,26.211553371011387
1859,110.8255408400966,26.21774570289573
1860,110.85611740367379,26.224952939497786
1861,110.88643895421379,26.233167199810143
1862,110.91647233554623,26.242379501659755
1863,110.9461847066096,26.252579771529795
1864,110.97554357736234,26.26375685557493
1865,111.00451684431036,26.275898531817845
1866,111.0330728256116,26.28899152351384
1867,111.0611802957198,26.303021513668718
1868,111.08880851952901,26.317973160694237
1869,111.1159272859822,26.333830115183886
1870,111.14250694110633,26.350575037790748
1871,111.16851842043883,26.36818961818779
1872,111.1939332808089,26.386654595089972
1873,111.2187237314399,26.405949777316142
1874,111.24286266433799,26.42605406586783
1875,111.26632368393449,26.446945477000675
1876,111.2890811359489,26.468601166263323
1877,111.31111013544157,26.49099745347751
1878,111.33238659402498,26.514109848631996
1879,111.35288724620405,26.537913078662
1880,111.37258967481661,26.562381115084968
1881,111.39147233554624,26.587487202462302
1882,111.40951458048066,26.613203887656063
1883,111.42669668068993,26.639503049848557
1884,111.44299984779973,26.66635593129205
1885,111.4584062545362,26.69373316875493
1886,111.47289905421977,26.721604825629985
1887,111.48646239918673,26.749940424669624
1888,111.49908145811855,26.77870898131232
1889,111.51074243225952,26.807879037563758
1890,111.52143257050564,26.8374186963957
1891,111.53114018334767,26.867295656624908
1892,111.53985465565351,26.897477248234022
1893,111.54756645827564,26.927930468095735
1894,111.5542671584711,26.958622016061245
1895,111.55994942912263,26.989518331373453
1896,111.56460705675066,27.020585629365183
1897,111.56823494830779,27.05178993840221
1898,111.57082913674788,27.083097137030734
1899,111.57238678536392,27.114472991288707
